Resolution,Data_Rate(bps),Time(s)
16,227737325.7914263,1424.4857404232025
