Resolution,Data_Rate(bps),Time(s)
16,1999982100.6573238,1424.4857404232025
