Resolution,Data_Rate(bps),Time(s)
16,630304810.4761626,1217.9090657234192
