Resolution,Data_Rate(bps),Time(s)
16,6999909354.966605,1217.9090657234192
