Resolution,Data_Rate(bps),Time(s)
16,812833239.5122985,1219.4046869277954
