Resolution,Data_Rate(bps),Time(s)
16,8999877679.579422,1219.4046869277954
