Resolution,Data_Rate(bps),Time(s)
16,341139526.30640143,1423.0840151309967
