Resolution,Data_Rate(bps),Time(s)
16,2999969376.3793797,1423.0840151309967
