Resolution,Data_Rate(bps),Time(s)
16,718297558.1845243,1220.0498900413513
