Resolution,Data_Rate(bps),Time(s)
16,7999896128.724042,1220.0498900413513
