Resolution,Data_Rate(bps),Time(s)
16,446063881.8679793,1217.625999212265
