Resolution,Data_Rate(bps),Time(s)
16,4999934439.43101,1217.625999212265
