Resolution,Data_Rate(bps),Time(s)
16,113711112.84392938,1423.7503838539124
