Resolution,Data_Rate(bps),Time(s)
16,999989195.601921,1423.7503838539124
