Resolution,Data_Rate(bps),Time(s)
16,885381833.685467,1219.0661873817444
