Resolution,Data_Rate(bps),Time(s)
16,9799877950.340487,1219.0661873817444
