Resolution,Data_Rate(bps),Time(s)
16,538519704.7679936,1217.900024175644
