Resolution,Data_Rate(bps),Time(s)
16,5999921868.478549,1217.900024175644
