Resolution,Data_Rate(bps),Time(s)
16,453657559.9314979,1423.7116479873657
