Resolution,Data_Rate(bps),Time(s)
16,3999960285.3867617,1423.7116479873657
